County Name,FIPS County Code,State FIPS Code,County FIPS Code,County Code Number,Latitude/Longitude,Time Period,Time Period Date Start,Time Period Date End,Count of Maternal Stays with Opioid Use,Type of Count,Rate of Maternal Stays with Opioid Use,Type of Rate,New Georeferenced Column
COMMONWEALTH,42000,42,000,0,"(39.346129, -75.167756)",CY 2016 - CY 2017,01/01/2016,12/31/2017,5469,Number of maternal hospital stays with opioid use,19.6,Rate of maternal hospital stays with opioid use per 1000 maternal hospital stays,POINT (-75.167756 39.346129)
BEDFORD,42009,42,009,5,"(40.0073753643, -78.4911647381)",CY 2016 - CY 2017,01/01/2016,12/31/2017,18,Number of maternal hospital stays with opioid use,20.6,Rate of maternal hospital stays with opioid use per 1000 maternal hospital stays,POINT (-78.4911647381 40.0073753643)
BUTLER,42019,42,019,10,"(40.9108318483, -79.9171177889)",CY 2016 - CY 2017,01/01/2016,12/31/2017,108,Number of maternal hospital stays with opioid use,28.8,Rate of maternal hospital stays with opioid use per 1000 maternal hospital stays,POINT (-79.9171177889 40.9108318483)
SOMERSET,42111,42,111,56,"(39.9714629901, -79.0310020611)",CY 2016 - CY 2017,01/01/2016,12/31/2017,30,Number of maternal hospital stays with opioid use,23.1,Rate of maternal hospital stays with opioid use per 1000 maternal hospital stays,POINT (-79.0310020611 39.9714629901)
MCKEAN,42083,42,083,42,"(41.810370736, -78.5712201998)",CY 2016 - CY 2017,01/01/2016,12/31/2017,,Not Reported due to Low Volume,7.8,Rate of maternal hospital stays with opioid use per 1000 maternal hospital stays,POINT (-78.5712201998 41.810370736)
ELK,42047,42,047,24,"(41.4281941606, -78.6494771322)",CY 2016 - CY 2017,01/01/2016,12/31/2017,47,Number of maternal hospital stays with opioid use,75.8,Rate of maternal hospital stays with opioid use per 1000 maternal hospital stays,POINT (-78.6494771322 41.4281941606)
LAWRENCE,42073,42,073,37,"(40.9932503514, -80.3375411446)",CY 2016 - CY 2017,01/01/2016,12/31/2017,63,Number of maternal hospital stays with opioid use,33.1,Rate of maternal hospital stays with opioid use per 1000 maternal hospital stays,POINT (-80.3375411446 40.9932503514)
ERIE,42049,42,049,25,"(41.9941378702, -80.0407591036)",CY 2016 - CY 2017,01/01/2016,12/31/2017,107,Number of maternal hospital stays with opioid use,16.7,Rate of maternal hospital stays with opioid use per 1000 maternal hospital stays,POINT (-80.0407591036 41.9941378702)
PIKE,42103,42,103,52,"(41.332571995, -75.0327092448)",CY 2016 - CY 2017,01/01/2016,12/31/2017,14,Number of maternal hospital stays with opioid use,21.6,Rate of maternal hospital stays with opioid use per 1000 maternal hospital stays,POINT (-75.0327092448 41.332571995)
CENTRE,42027,42,027,14,"(40.9193135008, -77.8250011212)",CY 2016 - CY 2017,01/01/2016,12/31/2017,23,Number of maternal hospital stays with opioid use,10,Rate of maternal hospital stays with opioid use per 1000 maternal hospital stays,POINT (-77.8250011212 40.9193135008)
CRAWFORD,42039,42,039,20,"(41.6854690692, -80.1132108295)",CY 2016 - CY 2017,01/01/2016,12/31/2017,48,Number of maternal hospital stays with opioid use,26.9,Rate of maternal hospital stays with opioid use per 1000 maternal hospital stays,POINT (-80.1132108295 41.6854690692)
MONTGOMERY,42091,42,091,46,"(40.209898739, -75.3725200072)",CY 2016 - CY 2017,01/01/2016,12/31/2017,167,Number of maternal hospital stays with opioid use,9.4,Rate of maternal hospital stays with opioid use per 1000 maternal hospital stays,POINT (-75.3725200072 40.209898739)
SULLIVAN,42113,42,113,57,"(41.4480993958, -76.5147922046)",CY 2016 - CY 2017,01/01/2016,12/31/2017,,Not Reported due to Low Volume,,Not Reported due to Low Volume,POINT (-76.5147922046 41.4480993958)
FULTON,42057,42,057,29,"(39.9248751086, -78.1148504535)",CY 2016 - CY 2017,01/01/2016,12/31/2017,,Not Reported due to Low Volume,,Not Reported due to Low Volume,POINT (-78.1148504535 39.9248751086)
VENANGO,42121,42,121,61,"(41.4034125863, -79.7628656104)",CY 2016 - CY 2017,01/01/2016,12/31/2017,53,Number of maternal hospital stays with opioid use,51.8,Rate of maternal hospital stays with opioid use per 1000 maternal hospital stays,POINT (-79.7628656104 41.4034125863)
ADAMS,42001,42,001,1,"(39.8720956503, -77.2222427076)",CY 2016 - CY 2017,01/01/2016,12/31/2017,47,Number of maternal hospital stays with opioid use,25.8,Rate of maternal hospital stays with opioid use per 1000 maternal hospital stays,POINT (-77.2222427076 39.8720956503)
BERKS,42011,42,011,6,"(40.4193963513, -75.9307732705)",CY 2016 - CY 2017,01/01/2016,12/31/2017,127,Number of maternal hospital stays with opioid use,12.9,Rate of maternal hospital stays with opioid use per 1000 maternal hospital stays,POINT (-75.9307732705 40.4193963513)
UNION,42119,42,119,60,"(40.9647313096, -77.0641580308)",CY 2016 - CY 2017,01/01/2016,12/31/2017,,Not Reported due to Low Volume,2.8,Rate of maternal hospital stays with opioid use per 1000 maternal hospital stays,POINT (-77.0641580308 40.9647313096)
FRANKLIN,42055,42,055,28,"(39.9278619704, -77.7239884483)",CY 2016 - CY 2017,01/01/2016,12/31/2017,54,Number of maternal hospital stays with opioid use,18.3,Rate of maternal hospital stays with opioid use per 1000 maternal hospital stays,POINT (-77.7239884483 39.9278619704)
LEBANON,42075,42,075,38,"(40.3675970024, -76.4618257486)",CY 2016 - CY 2017,01/01/2016,12/31/2017,45,Number of maternal hospital stays with opioid use,14.3,Rate of maternal hospital stays with opioid use per 1000 maternal hospital stays,POINT (-76.4618257486 40.3675970024)
CUMBERLAND,42041,42,041,21,"(40.167598388, -77.268662705)",CY 2016 - CY 2017,01/01/2016,12/31/2017,51,Number of maternal hospital stays with opioid use,9.8,Rate of maternal hospital stays with opioid use per 1000 maternal hospital stays,POINT (-77.268662705 40.167598388)
JEFFERSON,42065,42,065,33,"(41.1313909115, -79.0010181419)",CY 2016 - CY 2017,01/01/2016,12/31/2017,16,Number of maternal hospital stays with opioid use,17.4,Rate of maternal hospital stays with opioid use per 1000 maternal hospital stays,POINT (-79.0010181419 41.1313909115)
WESTMORELAND,42129,42,129,65,"(40.3103149985, -79.471341176)",CY 2016 - CY 2017,01/01/2016,12/31/2017,213,Number of maternal hospital stays with opioid use,33.5,Rate of maternal hospital stays with opioid use per 1000 maternal hospital stays,POINT (-79.471341176 40.3103149985)
BUCKS,42017,42,017,9,"(40.335011331, -75.1129124111)",CY 2016 - CY 2017,01/01/2016,12/31/2017,229,Number of maternal hospital stays with opioid use,22.9,Rate of maternal hospital stays with opioid use per 1000 maternal hospital stays,POINT (-75.1129124111 40.335011331)
POTTER,42105,42,105,53,"(41.7442064382, -77.8987922939)",CY 2016 - CY 2017,01/01/2016,12/31/2017,,Not Reported due to Low Volume,7.1,Rate of maternal hospital stays with opioid use per 1000 maternal hospital stays,POINT (-77.8987922939 41.7442064382)
CARBON,42025,42,025,13,"(40.9193670081, -75.7110703866)",CY 2016 - CY 2017,01/01/2016,12/31/2017,40,Number of maternal hospital stays with opioid use,33.4,Rate of maternal hospital stays with opioid use per 1000 maternal hospital stays,POINT (-75.7110703866 40.9193670081)
LYCOMING,42081,42,081,41,"(41.3445979226, -77.069424568)",CY 2016 - CY 2017,01/01/2016,12/31/2017,32,Number of maternal hospital stays with opioid use,12.9,Rate of maternal hospital stays with opioid use per 1000 maternal hospital stays,POINT (-77.069424568 41.3445979226)
ALLEGHENY,42003,42,003,2,"(40.4673554298, -79.9861984282)",CY 2016 - CY 2017,01/01/2016,12/31/2017,748,Number of maternal hospital stays with opioid use,27.4,Rate of maternal hospital stays with opioid use per 1000 maternal hospital stays,POINT (-79.9861984282 40.4673554298)
INDIANA,42063,42,063,32,"(40.6529549748, -79.0933349286)",CY 2016 - CY 2017,01/01/2016,12/31/2017,30,Number of maternal hospital stays with opioid use,20.2,Rate of maternal hospital stays with opioid use per 1000 maternal hospital stays,POINT (-79.0933349286 40.6529549748)
JUNIATA,42067,42,067,34,"(40.5343300836, -77.405775001)",CY 2016 - CY 2017,01/01/2016,12/31/2017,,Not Reported due to Low Volume,11.7,Rate of maternal hospital stays with opioid use per 1000 maternal hospital stays,POINT (-77.405775001 40.5343300836)
MONROE,42089,42,089,45,"(41.0609178653, -75.3408360302)",CY 2016 - CY 2017,01/01/2016,12/31/2017,64,Number of maternal hospital stays with opioid use,21.5,Rate of maternal hospital stays with opioid use per 1000 maternal hospital stays,POINT (-75.3408360302 41.0609178653)
WAYNE,42127,42,127,64,"(41.6496980525, -75.3051535022)",CY 2016 - CY 2017,01/01/2016,12/31/2017,12,Number of maternal hospital stays with opioid use,16.8,Rate of maternal hospital stays with opioid use per 1000 maternal hospital stays,POINT (-75.3051535022 41.6496980525)
CLEARFIELD,42033,42,033,17,"(41.0004290024, -78.4755834299)",CY 2016 - CY 2017,01/01/2016,12/31/2017,80,Number of maternal hospital stays with opioid use,54,Rate of maternal hospital stays with opioid use per 1000 maternal hospital stays,POINT (-78.4755834299 41.0004290024)
DAUPHIN,42043,42,043,22,"(40.4197463597, -76.7796056802)",CY 2016 - CY 2017,01/01/2016,12/31/2017,71,Number of maternal hospital stays with opioid use,9.9,Rate of maternal hospital stays with opioid use per 1000 maternal hospital stays,POINT (-76.7796056802 40.4197463597)
MIFFLIN,42087,42,087,44,"(40.6127492804, -77.6200308901)",CY 2016 - CY 2017,01/01/2016,12/31/2017,28,Number of maternal hospital stays with opioid use,32.5,Rate of maternal hospital stays with opioid use per 1000 maternal hospital stays,POINT (-77.6200308901 40.6127492804)
TIOGA,42117,42,117,59,"(41.7733383358, -77.2578807579)",CY 2016 - CY 2017,01/01/2016,12/31/2017,,Not Reported due to Low Volume,9.4,Rate of maternal hospital stays with opioid use per 1000 maternal hospital stays,POINT (-77.2578807579 41.7733383358)
FOREST,42053,42,053,27,"(41.5135787577, -79.2378099483)",CY 2016 - CY 2017,01/01/2016,12/31/2017,,Not Reported due to Low Volume,,Not Reported due to Low Volume,POINT (-79.2378099483 41.5135787577)
CAMERON,42023,42,023,12,"(41.4388026531, -78.2091693241)",CY 2016 - CY 2017,01/01/2016,12/31/2017,,Not Reported due to Low Volume,,Not Reported due to Low Volume,POINT (-78.2091693241 41.4388026531)
SCHUYLKILL,42107,42,107,54,"(40.707512431, -76.223323851)",CY 2016 - CY 2017,01/01/2016,12/31/2017,55,Number of maternal hospital stays with opioid use,19.6,Rate of maternal hospital stays with opioid use per 1000 maternal hospital stays,POINT (-76.223323851 40.707512431)
NORTHUMBERLAND,42097,42,097,49,"(40.8515092572, -76.7118842273)",CY 2016 - CY 2017,01/01/2016,12/31/2017,36,Number of maternal hospital stays with opioid use,19,Rate of maternal hospital stays with opioid use per 1000 maternal hospital stays,POINT (-76.7118842273 40.8515092572)
BLAIR,42013,42,013,7,"(40.4855502384, -78.349076871)",CY 2016 - CY 2017,01/01/2016,12/31/2017,69,Number of maternal hospital stays with opioid use,27.3,Rate of maternal hospital stays with opioid use per 1000 maternal hospital stays,POINT (-78.349076871 40.4855502384)
LEHIGH,42077,42,077,39,"(40.6146479416, -75.6009948118)",CY 2016 - CY 2017,01/01/2016,12/31/2017,72,Number of maternal hospital stays with opioid use,8.6,Rate of maternal hospital stays with opioid use per 1000 maternal hospital stays,POINT (-75.6009948118 40.6146479416)
WYOMING,42131,42,131,66,"(41.5189248803, -76.0181300338)",CY 2016 - CY 2017,01/01/2016,12/31/2017,,Not Reported due to Low Volume,11.1,Rate of maternal hospital stays with opioid use per 1000 maternal hospital stays,POINT (-76.0181300338 41.5189248803)
ARMSTRONG,42005,42,005,3,"(40.8150952555, -79.4731689893)",CY 2016 - CY 2017,01/01/2016,12/31/2017,60,Number of maternal hospital stays with opioid use,51.6,Rate of maternal hospital stays with opioid use per 1000 maternal hospital stays,POINT (-79.4731689893 40.8150952555)
LACKAWANNA,42069,42,069,35,"(41.4391006428, -75.6121834524)",CY 2016 - CY 2017,01/01/2016,12/31/2017,78,Number of maternal hospital stays with opioid use,17.2,Rate of maternal hospital stays with opioid use per 1000 maternal hospital stays,POINT (-75.6121834524 41.4391006428)
NORTHAMPTON,42095,42,095,48,"(40.754595404, -75.3126372576)",CY 2016 - CY 2017,01/01/2016,12/31/2017,87,Number of maternal hospital stays with opioid use,14.1,Rate of maternal hospital stays with opioid use per 1000 maternal hospital stays,POINT (-75.3126372576 40.754595404)
WASHINGTON,42125,42,125,63,"(40.1910966345, -80.2518008276)",CY 2016 - CY 2017,01/01/2016,12/31/2017,118,Number of maternal hospital stays with opioid use,27.9,Rate of maternal hospital stays with opioid use per 1000 maternal hospital stays,POINT (-80.2518008276 40.1910966345)
CLINTON,42035,42,035,18,"(41.2328627374, -77.6428376046)",CY 2016 - CY 2017,01/01/2016,12/31/2017,17,Number of maternal hospital stays with opioid use,24.9,Rate of maternal hospital stays with opioid use per 1000 maternal hospital stays,POINT (-77.6428376046 41.2328627374)
PERRY,42099,42,099,50,"(40.4041531744, -77.2590738496)",CY 2016 - CY 2017,01/01/2016,12/31/2017,20,Number of maternal hospital stays with opioid use,19.7,Rate of maternal hospital stays with opioid use per 1000 maternal hospital stays,POINT (-77.2590738496 40.4041531744)
YORK,42133,42,133,67,"(39.9219253124, -76.7257605231)",CY 2016 - CY 2017,01/01/2016,12/31/2017,197,Number of maternal hospital stays with opioid use,20.1,Rate of maternal hospital stays with opioid use per 1000 maternal hospital stays,POINT (-76.7257605231 39.9219253124)
CLARION,42031,42,031,16,"(41.1927912877, -79.4248360769)",CY 2016 - CY 2017,01/01/2016,12/31/2017,,Not Reported due to Low Volume,10.6,Rate of maternal hospital stays with opioid use per 1000 maternal hospital stays,POINT (-79.4248360769 41.1927912877)
HUNTINGDON,42061,42,061,31,"(40.4161050032, -77.9827661036)",CY 2016 - CY 2017,01/01/2016,12/31/2017,14,Number of maternal hospital stays with opioid use,18.3,Rate of maternal hospital stays with opioid use per 1000 maternal hospital stays,POINT (-77.9827661036 40.4161050032)
CAMBRIA,42021,42,021,11,"(40.4912749067, -78.7189417385)",CY 2016 - CY 2017,01/01/2016,12/31/2017,99,Number of maternal hospital stays with opioid use,36.3,Rate of maternal hospital stays with opioid use per 1000 maternal hospital stays,POINT (-78.7189417385 40.4912749067)
MERCER,42085,42,085,43,"(41.302377765, -80.2600941079)",CY 2016 - CY 2017,01/01/2016,12/31/2017,70,Number of maternal hospital stays with opioid use,31.9,Rate of maternal hospital stays with opioid use per 1000 maternal hospital stays,POINT (-80.2600941079 41.302377765)
LUZERNE,42079,42,079,40,"(41.1783643884, -75.991996098)",CY 2016 - CY 2017,01/01/2016,12/31/2017,89,Number of maternal hospital stays with opioid use,13,Rate of maternal hospital stays with opioid use per 1000 maternal hospital stays,POINT (-75.991996098 41.1783643884)
FAYETTE,42051,42,051,26,"(39.919447803, -79.6518963464)",CY 2016 - CY 2017,01/01/2016,12/31/2017,75,Number of maternal hospital stays with opioid use,29,Rate of maternal hospital stays with opioid use per 1000 maternal hospital stays,POINT (-79.6518963464 39.919447803)
SNYDER,42109,42,109,55,"(40.7711373692, -77.0725596804)",CY 2016 - CY 2017,01/01/2016,12/31/2017,,Not Reported due to Low Volume,10.7,Rate of maternal hospital stays with opioid use per 1000 maternal hospital stays,POINT (-77.0725596804 40.7711373692)
DELAWARE,42045,42,045,23,"(39.9165786652, -75.4062771212)",CY 2016 - CY 2017,01/01/2016,12/31/2017,218,Number of maternal hospital stays with opioid use,15.7,Rate of maternal hospital stays with opioid use per 1000 maternal hospital stays,POINT (-75.4062771212 39.9165786652)
BRADFORD,42015,42,015,8,"(41.7911781401, -76.5182562384)",CY 2016 - CY 2017,01/01/2016,12/31/2017,,Not Reported due to Low Volume,7.4,Rate of maternal hospital stays with opioid use per 1000 maternal hospital stays,POINT (-76.5182562384 41.7911781401)
SUSQUEHANNA,42115,42,115,58,"(41.8205685982, -75.8025030296)",CY 2016 - CY 2017,01/01/2016,12/31/2017,,Not Reported due to Low Volume,13.1,Rate of maternal hospital stays with opioid use per 1000 maternal hospital stays,POINT (-75.8025030296 41.8205685982)
LANCASTER,42071,42,071,36,"(40.0459079619, -76.2513876838)",CY 2016 - CY 2017,01/01/2016,12/31/2017,152,Number of maternal hospital stays with opioid use,12.3,Rate of maternal hospital stays with opioid use per 1000 maternal hospital stays,POINT (-76.2513876838 40.0459079619)
GREENE,42059,42,059,30,"(39.8548039342, -80.2294381655)",CY 2016 - CY 2017,01/01/2016,12/31/2017,16,Number of maternal hospital stays with opioid use,29,Rate of maternal hospital stays with opioid use per 1000 maternal hospital stays,POINT (-80.2294381655 39.8548039342)
PHILADELPHIA,42101,42,101,51,"(40.0044435384, -75.140236002)",CY 2016 - CY 2017,01/01/2016,12/31/2017,1084,Number of maternal hospital stays with opioid use,23,Rate of maternal hospital stays with opioid use per 1000 maternal hospital stays,POINT (-75.140236002 40.0044435384)
COLUMBIA,42037,42,037,19,"(41.0491208559, -76.4100217975)",CY 2016 - CY 2017,01/01/2016,12/31/2017,18,Number of maternal hospital stays with opioid use,14.9,Rate of maternal hospital stays with opioid use per 1000 maternal hospital stays,POINT (-76.4100217975 41.0491208559)
BEAVER,42007,42,007,4,"(40.6834924548, -80.3510735648)",CY 2016 - CY 2017,01/01/2016,12/31/2017,78,Number of maternal hospital stays with opioid use,23.4,Rate of maternal hospital stays with opioid use per 1000 maternal hospital stays,POINT (-80.3510735648 40.6834924548)
MONTOUR,42093,42,093,47,"(41.0280182438, -76.6647052668)",CY 2016 - CY 2017,01/01/2016,12/31/2017,,Not Reported due to Low Volume,4.6,Rate of maternal hospital stays with opioid use per 1000 maternal hospital stays,POINT (-76.6647052668 41.0280182438)
CHESTER,42029,42,029,15,"(39.9748705566, -75.7562649818)",CY 2016 - CY 2017,01/01/2016,12/31/2017,96,Number of maternal hospital stays with opioid use,9.8,Rate of maternal hospital stays with opioid use per 1000 maternal hospital stays,POINT (-75.7562649818 39.9748705566)
WARREN,42123,42,123,62,"(41.8167523652, -79.278581578)",CY 2016 - CY 2017,01/01/2016,12/31/2017,,Not Reported due to Low Volume,9.7,Rate of maternal hospital stays with opioid use per 1000 maternal hospital stays,POINT (-79.278581578 41.8167523652)
